STATE_CODE,STATE_FIPS,CD_2DIG,STATE,NAME,area_km2,area_weight
29,35,05,New Mexico,CENTRAL VALLEY,25564.07977720982,0.003280944268161403
29,35,06,New Mexico,CENTRAL HIGHLANDS,25706.00985021892,0.0032991598528246176
10,16,01,Idaho,PANHANDLE,11135.13528811124,0.00142910515915773
10,16,02,Idaho,NORTH CENTRAL PRAIRIES,7757.960255204826,0.000995671874511587
10,16,04,Idaho,CENTRAL MOUNTAINS,74514.3671869801,0.009563320410842494
10,16,05,Idaho,SOUTHWESTERN VALLEYS,16107.281666999035,0.0020672402027204794
10,16,07,Idaho,CENTRAL PLAINS,11943.37640673428,0.0015328364136581434
10,16,06,Idaho,SOUTHWESTERN HIGHLANDS,21695.877773062854,0.0027844916164641302
10,16,10,Idaho,EASTERN HIGHLANDS,33951.01579252441,0.00435734012855197
10,16,08,Idaho,NORTHEASTERN VALLEYS,12388.699875784469,0.0015899901033661732
45,53,01,Washington,WEST OLYMPIC COAST,13413.30748657088,0.0017214902589368477
45,53,04,Washington,E OLYMPIC CASCADE FOOTHILLS,25378.87436353892,0.003257174641180434
45,53,02,Washington,NE OLYMPIC SAN JUAN,2064.1935892988126,0.0002649226643089687
45,53,03,Washington,PUGET SOUND LOWLANDS,8706.5432512514,0.0011174148815307138
45,53,06,Washington,EAST SLOPE CASCADES,26020.434391505398,0.00333951371674202
45,53,05,Washington,CASCADE MOUNTAINS WEST,15438.745560570469,0.0019814389642029413
45,53,08,Washington,CENTRAL BASIN,31684.840720197706,0.004066494763532064
45,53,07,Washington,OKANOGAN BIG BEND,16886.53585375016,0.002167251217384154
45,53,09,Washington,NORTHEASTERN,21808.142523343387,0.0027988998952740663
45,53,10,Washington,PALOUSE BLUE MOUNTAINS,13686.527284073452,0.001756555825011455
2,04,01,Arizona,NORTHWEST,34886.76275970714,0.0044774357343857684
2,04,02,Arizona,NORTHEAST,103183.1518926056,0.013242728614650779
2,04,05,Arizona,SOUTHWEST,25983.998590553994,0.003334837474400062
2,04,03,Arizona,NORTH CENTRAL,21051.591413868555,0.002701802638191671
2,04,06,Arizona,SOUTH CENTRAL,37808.32150095477,0.004852394328230349
2,04,04,Arizona,EAST CENTRAL,12419.363284857147,0.0015939255055835053
2,04,07,Arizona,SOUTHEAST,59923.234002148696,0.007690665685698411
1,01,01,Alabama,NORTHERN VALLEY,12239.747782752542,0.0015708732988450333
1,01,03,Alabama,UPPER PLAINS,19652.171170096863,0.0025221982922670047
1,01,02,Alabama,APPALACHIAN MOUNTAIN,13100.158516019192,0.0016813001042758477
1,01,04,Alabama,EASTERN VALLEY,10319.589270961887,0.0013244363796159977
1,01,05,Alabama,PIEDMONT PLATEAU,13105.2435678934,0.0016819527298326986
1,01,06,Alabama,PRAIRIE,19929.638851124888,0.0025578090400663646
1,01,07,Alabama,COASTAL PLAIN,37912.04913221877,0.004865706936398196
1,01,08,Alabama,GULF,7532.349522744771,0.0009667165494636493
3,05,01,Arkansas,NORTHWEST,12270.296740539043,0.001574794012159239
3,05,02,Arkansas,NORTH CENTRAL,14586.294107064592,0.0018720336683878606
3,05,03,Arkansas,NORTHEAST,18961.100217111834,0.0024335048872295814
3,05,04,Arkansas,WEST CENTRAL,17416.282513635968,0.002235239945414938
3,05,05,Arkansas,CENTRAL,13776.824486950418,0.001768144745590333
3,05,06,Arkansas,EAST CENTRAL,18070.32138351134,0.002319180580085676
3,05,08,Arkansas,SOUTH CENTRAL,17142.58786250681,0.002200113435692136
3,05,09,Arkansas,SOUTHEAST,12355.955973213413,0.0015857876865221483
3,05,07,Arkansas,SOUTHWEST,13153.842729316611,0.001688190041775806
7,10,02,Delaware,SOUTHERN,3993.8099234427596,0.0005125734190568164
7,10,01,Delaware,NORTHERN,1203.026561501428,0.000154398794550892
8,12,01,Florida,NORTHWEST,29894.19867268879,0.0038366802420118852
8,12,02,Florida,NORTH,33119.86293292494,0.004250668336160682
8,12,03,Florida,NORTH CENTRAL,21422.270803905776,0.002749376360018044
9,13,08,Georgia,SOUTH CENTRAL,21338.397158604886,0.0027386118514498505
9,13,07,Georgia,SOUTHWEST,17735.963986064475,0.0022762684942124094
9,13,09,Georgia,SOUTHEAST,21778.514005196725,0.0027950973129932024
9,13,04,Georgia,WEST CENTRAL,17992.41013663424,0.0023091812974557328
9,13,05,Georgia,CENTRAL,24062.81385360445,0.0030882688474161515
9,13,06,Georgia,EAST CENTRAL,15065.21784402213,0.0019334996825511436
9,13,01,Georgia,NORTHWEST,9606.09595175367,0.0012328652440058445
9,13,02,Georgia,NORTH CENTRAL,15898.443700725202,0.0020404375274670774
8,12,04,Florida,SOUTH CENTRAL,28736.405178560897,0.0036880867482746316
8,12,05,Florida,EVERGLADES,28457.583530394262,0.003652302229670243
8,12,06,Florida,LOWER EAST COAST,4569.984386122204,0.000586520782594399
8,12,07,Florida,KEYS,434.94229393927486,5.582134928061109e-05
11,17,01,Illinois,NORTHWEST,18775.948192806172,0.002409742112344733
11,17,02,Illinois,NORTHEAST,17008.64160795227,0.002182922509988869
11,17,04,Illinois,CENTRAL,16039.923384276663,0.002058595308261646
11,17,05,Illinois,EAST,14689.577334936888,0.0018852892409505356
11,17,06,Illinois,WEST SOUTHWEST,19574.963606812507,0.0025122893217730874
11,17,07,Illinois,EAST SOUTHEAST,19286.933986114804,0.002475323033867379
11,17,09,Illinois,SOUTHEAST,13149.104085549061,0.0016875818749165449
11,17,08,Illinois,SOUTHWEST,12984.015883823196,0.0016663941304753615
12,18,01,Indiana,NORTHWEST,10759.709780420717,0.0013809223112589018
12,18,02,Indiana,NORTH CENTRAL,10082.378171791914,0.0012939922406933905
12,18,03,Indiana,NORTHEAST,9288.637811980905,0.0011921220420934027
12,18,04,Indiana,WEST CENTRAL,10681.379334083254,0.0013708692277458966
12,18,05,Indiana,CENTRAL,15818.257825996068,0.002030146314625745
12,18,06,Indiana,EAST CENTRAL,6678.366067775877,0.0008571146335682565
12,18,07,Indiana,SOUTHWEST,13011.614146971326,0.0016699361458373924
12,18,08,Indiana,SOUTH CENTRAL,10227.205447116186,0.0013125796579988322
12,18,09,Indiana,SOUTHEAST,7166.4282953435495,0.0009197534995864963
13,19,02,Iowa,NORTH CENTRAL,15745.7495402462,0.0020208404586513273
13,19,03,Iowa,NORTHEAST,17180.002767007103,0.002204915338108881
13,19,04,Iowa,WEST CENTRAL,19021.958964563426,0.0024413156185509877
13,19,05,Iowa,CENTRAL,18939.823012036963,0.002430774128890487
13,19,06,Iowa,EAST CENTRAL,15772.012932203448,0.002024211154019812
13,19,07,Iowa,SOUTHWEST,12877.427561884226,0.0016527143756409875
13,19,08,Iowa,SOUTH CENTRAL,14369.17139414067,0.0018441677124581477
13,19,09,Iowa,SOUTHEAST,14024.943925899144,0.0017999888822904531
14,20,01,Kansas,NORTHWEST,20182.821276847,0.002590302970444907
14,20,03,Kansas,NORTHEAST,16451.900733120416,0.0021114692913301175
14,20,04,Kansas,WEST CENTRAL,20628.57166087796,0.00264751145126106
14,20,05,Kansas,CENTRAL,23356.236210106825,0.0029975852832257745
14,20,06,Kansas,EAST CENTRAL,22745.27729939269,0.0029191736152268076
14,20,07,Kansas,SOUTHWEST,30790.640220872414,0.003951731313080628
14,20,08,Kansas,SOUTH CENTRAL,29090.370807017738,0.0037335153930736103
14,20,09,Kansas,SOUTHEAST,26728.243855169043,0.0034303553751547718
18,24,08,Maryland,ALLEGHENY PLATEAU,1698.753173044333,0.00021802132267986212
18,24,07,Maryland,APPALACHIAN MOUNTAIN,2324.8219493487445,0.0002983722205409302
18,24,06,Maryland,NORTHERN CENTRAL,8740.913538989114,0.0011218260318451734
18,24,05,Maryland,NORTHEASTERN SHORE,1706.4445693868638,0.00021900845161092897
18,24,04,Maryland,UPPER SOUTHERN,2548.253287078284,0.0003270478377835618
18,24,02,Maryland,CENTRAL EASTERN SHORE,3012.7726941638493,0.00038666517192620554
18,24,01,Maryland,SOUTHEASTERN SHORE,3106.2797190454894,0.0003986660473730012
44,51,01,Virginia,TIDEWATER,20222.084460134556,0.00259534208459569
44,51,04,Virginia,NORTHERN,13227.743839437428,0.00169767465556886
44,51,05,Virginia,CENTRAL MOUNTAIN,13149.688714649546,0.001687656907364924
44,51,02,Virginia,EASTERN PIEDMONT,19769.708000906587,0.002537283200259148
44,51,03,Virginia,WESTERN PIEDMONT,18854.16093677091,0.002419780089703771
44,51,06,Virginia,SOUTHWESTERN MOUNTAIN,19373.63838937224,0.002486450847478157
15,21,01,Kentucky,WESTERN,25778.20052771365,0.0033084249463310213
15,21,02,Kentucky,CENTRAL,23797.726391447624,0.0030542470012513523
15,21,03,Kentucky,BLUE GRASS,21984.855188057718,0.0028215795461536916
15,21,04,Kentucky,EASTERN,33100.29801730676,0.004248157336417528
16,22,01,Louisiana,NORTHWEST,9624.023109072989,0.0012351660506284118
16,22,02,Louisiana,NORTH CENTRAL,14705.406841837219,0.0018873208309934818
16,22,03,Louisiana,NORTHEAST,10619.123956668991,0.001362879250188729
16,22,05,Louisiana,CENTRAL,17251.99533094688,0.002214155005332069
16,22,06,Louisiana,EAST CENTRAL,15198.350176944037,0.001950586147951572
16,22,07,Louisiana,SOUTHWEST,18867.012703864246,0.0024214295107644196
16,22,09,Louisiana,SOUTHEAST,16423.1001074676,0.002107772962399893
20,26,01,Michigan,WEST UPPER,25626.16888072387,0.0032889129057992544
20,26,02,Michigan,EAST UPPER,17825.714082190516,0.0022877871980350357
20,26,03,Michigan,NORTHWEST,12803.472019236457,0.0016432227758703874
20,26,04,Michigan,NORTHEAST LOWER,17385.24234647019,0.002231256189323075
20,26,05,Michigan,WEST CENTRAL LOWER,7821.721709549987,0.0010038551449436362
20,26,06,Michigan,CENTRAL LOWER,12001.346915043929,0.0015402764626886
20,26,07,Michigan,EAST CENTRAL LOWER,10996.9522399655,0.0014113704750336796
20,26,08,Michigan,SOUTHWEST LOWER,11869.342615165104,0.0015233347712671002
20,26,09,Michigan,SOUTH CENTRAL LOWER,16841.070282310222,0.002161416076541434
20,26,10,Michigan,SOUTHEAST LOWER,17269.597125403547,0.002216414054245046
21,27,01,Minnesota,NORTHWEST,32712.74472280266,0.0041984179845108004
21,27,02,Minnesota,NORTH CENTRAL,37104.62790616359,0.004762080908522189
21,27,03,Minnesota,NORTHEAST,27534.604190105587,0.003533845246178462
21,27,05,Minnesota,CENTRAL,25871.658943609305,0.0033204195832049707
21,27,06,Minnesota,EAST CENTRAL,23871.83360435672,0.0030637580666815377
21,27,07,Minnesota,SOUTHWEST,15307.22611368366,0.0019645594997678584
21,27,08,Minnesota,SOUTH CENTRAL,16367.518585138841,0.0021006395205279585
21,27,09,Minnesota,SOUTHEAST,15008.149562971586,0.0019261754271412725
22,28,01,Mississippi,UPPER DELTA,7843.384900140463,0.0010066354414228105
22,28,02,Mississippi,NORTH CENTRAL,12802.353611860495,0.0016430792372685052
22,28,03,Mississippi,NORTHEAST,9416.400782023831,0.0012085193929035542
22,28,04,Mississippi,LOWER DELTA,11179.452506863488,0.0014347929181583753
22,28,05,Mississippi,CENTRAL,15878.943390297185,0.0020379348192810696
22,28,06,Mississippi,EAST CENTRAL,13777.204497118473,0.0017681935168425585
22,28,07,Mississippi,SOUTHWEST,16483.80044856056,0.0021155633635377403
22,28,08,Mississippi,SOUTH CENTRAL,11271.582728636828,0.0014466170919868874
22,28,09,Mississippi,SOUTHEAST,15586.875394054183,0.0020004502383167613
22,28,10,Mississippi,COASTAL,9215.210001961086,0.0011826981725660143
23,29,01,Missouri,NORTHWEST PRAIRIE,38002.38858179955,0.004877301279002115
23,29,04,Missouri,WEST OZARKS,29834.16011356334,0.003828974775273085
23,29,05,Missouri,EAST OZARKS,38888.0354478977,0.0049909669393452
23,29,06,Missouri,BOOTHEEL,10723.615818354325,0.001376289941191643
24,30,01,Montana,WESTERN,63256.466655083146,0.008118459318890058
24,30,03,Montana,NORTH CENTRAL,69219.54795652947,0.008883772899001883
24,30,06,Montana,NORTHEASTERN,58482.66416866539,0.007505780120513043
24,30,04,Montana,CENTRAL,57533.93309849235,0.00738401810936935
24,30,02,Montana,SOUTHWESTERN,36737.9496126125,0.0047150206952866576
24,30,05,Montana,SOUTH CENTRAL,44520.90563097941,0.005713900575194475
24,30,07,Montana,SOUTHEASTERN,51078.72411405633,0.006555543894696056
32,38,01,North Dakota,NORTHWEST,24503.30754573517,0.0031448026740569976
32,38,02,North Dakota,NORTH CENTRAL,18311.546340720502,0.0023501398654419375
32,38,04,North Dakota,WEST CENTRAL,23606.091656586726,0.0030296522225461545
32,38,05,North Dakota,CENTRAL,18955.167806833004,0.002432743510028824
32,38,06,North Dakota,EAST CENTRAL,14440.174296241757,0.001853280364534874
32,38,08,North Dakota,SOUTH CENTRAL,20621.85146171017,0.0026466489676851748
32,38,09,North Dakota,SOUTHEAST,19361.062155223237,0.002484836788857396
25,31,01,Nebraska,PANHANDLE,36927.964140086944,0.004739407533389879
25,31,02,Nebraska,NORTH CENTRAL,48648.80457735841,0.006243683243129407
25,31,03,Nebraska,NORTHEAST,19875.35490000656,0.0025508421310351382
25,31,07,Nebraska,SOUTHWEST,24649.988599885215,0.003163628008982235
25,31,05,Nebraska,CENTRAL,19195.76414342753,0.002463622116979275
25,31,06,Nebraska,EAST CENTRAL,21937.067403807596,0.002815446367952482
25,31,08,Nebraska,SOUTH CENTRAL,11730.703229769213,0.0015055415199230178
25,31,09,Nebraska,SOUTHEAST,17378.110464043923,0.0022303408695082574
34,40,01,Oklahoma,PANHANDLE,20668.728283667937,0.0026526652311944553
34,40,02,Oklahoma,NORTH CENTRAL,21047.75648962787,0.0027013104564735744
10,16,03,Idaho,NORTH CENTRAL CANYONS,5074.35078164279,0.0006512521575884535
10,16,09,Idaho,UPPER SNAKE RIVER PLAINS,21874.119156720095,0.0028073674661389823
9,13,03,Georgia,NORTHEAST,8885.248344256604,0.001140350244575128
11,17,03,Illinois,WEST,14413.709246959032,0.0018498837880686959
13,19,01,Iowa,NORTHWEST,17813.5390547722,0.00228622463107503
14,20,02,Kansas,NORTH CENTRAL,23125.151129225043,0.0029679273695365598
18,24,03,Maryland,LOWER SOUTHERN,3893.944281201388,0.0004997564661544011
16,22,04,Louisiana,WEST CENTRAL,9459.81987380887,0.001214091884523139
16,22,08,Louisiana,SOUTH CENTRAL,8857.672805314876,0.0011368111456824318
21,27,04,Minnesota,WEST CENTRAL,24757.904026530818,0.003177478087044295
23,29,02,Missouri,NORTHEAST PRAIRIE,36357.84514671919,0.0046662373406913165
32,38,07,North Dakota,SOUTHWEST,20732.593607343762,0.0026608618324206524
36,42,10,Pennsylvania,NORTHWEST PLATEAU,20378.17668471232,0.0026153752676398743
19,25,02,Massachusettes,CENTRAL,10825.109220066774,0.0013893158039454247
6,09,03,Connecticut,COASTAL,2714.0616448088253,0.00034832800846251006
23,29,03,Missouri,WEST CENTRAL PLAINS,26723.961845752383,0.003429805813646036
38,45,06,South Carolina,CENTRAL,12532.305316564078,0.0016084207080235208
34,40,03,Oklahoma,NORTHEAST,22058.38852492481,0.0028310169592041684
34,40,04,Oklahoma,WEST CENTRAL,15562.948868320402,0.001997379460954642
34,40,05,Oklahoma,CENTRAL,26462.691706662583,0.003396273890230095
34,40,06,Oklahoma,EAST CENTRAL,18489.183247355108,0.002372938135347053
34,40,07,Oklahoma,SOUTHWEST,17905.36114945814,0.0022980092592672394
34,40,08,Oklahoma,SOUTH CENTRAL,22107.56527745537,0.002837328400325776
34,40,09,Oklahoma,SOUTHEAST,16738.232339164417,0.0021482176526961706
31,37,01,North Carolina,SOUTHERN MOUNTAINS,18819.30546506417,0.0024153066699246547
31,37,02,North Carolina,NORTHERN MOUNTAINS,8629.522205114767,0.0011075298490143051
31,37,05,North Carolina,SOUTHERN PIEDMONT,13772.411008398667,0.0017675783110742771
31,37,04,North Carolina,CENTRAL PIEDMONT,13589.947190229514,0.0017441605458511132
31,37,03,North Carolina,NORTHERN PIEDMONT,15048.59410073659,0.0019313661586487223
31,37,08,North Carolina,NORTHERN COASTAL PLAIN,16867.72443930472,0.0021648369234632046
31,37,07,North Carolina,CENTRAL COASTAL PLAIN,17220.321189599046,0.002210089883747026
31,37,06,North Carolina,SOUTHERN COASTAL PLAIN,23913.51888614019,0.0030691080377161332
38,45,05,South Carolina,WEST CENTRAL,10526.271169806641,0.0013509623409358315
38,45,01,South Carolina,MOUNTAIN,1917.5802045813543,0.0002461060142117756
38,45,02,South Carolina,NORTHWEST,11535.357559633349,0.0014804704724873975
38,45,03,South Carolina,NORTH CENTRAL,8514.896911639476,0.0010928186134489498
38,45,04,South Carolina,NORTHEAST,16815.078212157092,0.0021580802031468207
36,42,06,Pennsylvania,UPPER SUSQUEHANNA,10328.74537840047,0.0013256114924493597
36,42,01,Pennsylvania,POCONO MOUNTAINS,8561.992298575387,0.0010988629280173142
36,42,07,Pennsylvania,CENTRAL MOUNTAINS,11380.854978404206,0.0014606413073964715
36,42,05,Pennsylvania,MIDDLE SUSQUEHANNA,12096.558751433857,0.0015524961369967338
36,42,09,Pennsylvania,SOUTHWEST PLATEAU,21235.547087884024,0.002725411871127757
36,42,08,Pennsylvania,SOUTH CENTRAL MOUNTAINS,9233.646417054437,0.0011850643383327123
36,42,04,Pennsylvania,LOWER SUSQUEHANNA,7135.558182266405,0.0009157915685707653
36,42,03,Pennsylvania,SOUTHEASTERN PIEDMONT,12066.004342507029,0.0015485747240724594
36,42,02,Pennsylvania,EAST CENTRAL MOUNTAINS,4910.291031312074,0.0006301964066216841
33,39,01,Ohio,NORTHWEST,12653.37216719331,0.0016239586657007788
33,39,02,Ohio,NORTH CENTRAL,8507.702634519046,0.0010918952857763894
33,39,07,Ohio,NORTHEAST HILLS,8629.44206291272,0.0011075195634065017
33,39,10,Ohio,SOUTHEAST,14052.791115773853,0.0018035628453980663
33,39,09,Ohio,SOUTH CENTRAL,10673.178573003905,0.0013698167259428846
33,39,08,Ohio,SOUTHWEST,11707.162969578385,0.001502520316640239
33,39,04,Ohio,WEST CENTRAL,10530.651984837616,0.0013515245833514008
33,39,05,Ohio,CENTRAL,12495.795803973499,0.0016037350053848436
33,39,06,Ohio,EAST CENTRAL,7782.736410539037,0.0009988516950073484
33,39,03,Ohio,NORTHEAST,9821.899290768928,0.0012605618688936848
47,55,01,Wisconsin,NORTHWEST,25253.192593564818,0.0032410443956796156
47,55,02,Wisconsin,NORTH CENTRAL,25984.583523817433,0.003334912545885313
47,55,03,Wisconsin,NORTHEAST,15936.005081002035,0.002045258228873015
47,55,04,Wisconsin,WEST CENTRAL,17935.832246964543,0.002301919979839992
47,55,05,Wisconsin,CENTRAL,13914.342578975213,0.0017857940879382425
47,55,06,Wisconsin,EAST CENTRAL,12605.428808287685,0.0016178055207423576
47,55,07,Wisconsin,SOUTHWEST,14087.867157957071,0.0018080645736258671
47,55,08,Wisconsin,SOUTH CENTRAL,12520.903280561202,0.001606957348301793
47,55,09,Wisconsin,SOUTHEAST,6966.324266372366,0.0008940717550210496
40,47,04,Tennessee,WESTERN,24679.72241555583,0.003167444105354381
40,47,03,Tennessee,MIDDLE,38037.878787256406,0.0048818561617588714
40,47,02,Tennessee,CUMBERLAND PLATEAU,17860.82975961405,0.002292294013127518
40,47,01,Tennessee,EASTERN,28570.045476919284,0.003666735817033966
41,48,01,Texas,HIGH PLAINS,100863.09332708684,0.012944967736157371
41,48,02,Texas,LOW ROLLING PLAINS,65365.02672906588,0.008389076065086222
41,48,03,Texas,NORTH CENTRAL,100356.7146981092,0.012879978107164554
41,48,04,Texas,EAST TEXAS,85759.42012561577,0.011006532617412091
41,48,05,Texas,TRANS PECOS,91994.95781539853,0.011806813786164964
41,48,06,Texas,EDWARDS PLATEAU,89991.82822978547,0.011549728196166113
41,48,07,Texas,SOUTH CENTRAL,55051.07312640151,0.007065362978221582
41,48,09,Texas,SOUTHERN,56558.64570004974,0.007258847806834816
41,48,08,Texas,UPPER COAST,31564.39146995696,0.004051036069903123
41,48,10,Texas,LOWER VALLEY,8099.3749866872195,0.0010394897125126103
39,46,01,South Dakota,NORTHWEST,30990.09495778604,0.003977329726226632
39,46,02,South Dakota,NORTH CENTRAL,19529.058756333885,0.0025063978029947385
39,46,03,South Dakota,NORTHEAST,20188.22893073022,0.0025909969993779636
39,46,04,South Dakota,BLACK HILLS,8534.043683912112,0.0010952759478528933
39,46,06,South Dakota,CENTRAL,27637.034663014918,0.003546991374492321
39,46,07,South Dakota,EAST CENTRAL,23347.61225744653,0.0029964784681830946
39,46,09,South Dakota,SOUTHEAST,27043.129339684725,0.0034707683974326154
39,46,08,South Dakota,SOUTH CENTRAL,14926.03689857326,0.001915636926324931
39,46,05,South Dakota,SOUTHWEST,27617.870962708574,0.003544531867511244
17,23,01,Maine,NORTHERN,45751.533827186206,0.0058718418178196835
17,23,02,Maine,SOUTHERN INTERIOR,26931.120610852588,0.0034563929769188106
17,23,03,Maine,COASTAL,11505.825210387293,0.0014766802327123452
27,33,01,New Hampshire,NORTHERN,7912.037008932766,0.0010154463880636556
27,33,02,New Hampshire,SOUTHERN,16087.23420154488,0.002064667271582484
43,50,02,Vermont,WESTERN,9285.422844328396,0.0011917094268229234
43,50,03,Vermont,SOUTHEASTERN,4584.94495438168,0.0005884408513434852
43,50,01,Vermont,NORTHEASTERN,11030.170485996674,0.0014156337700501314
19,25,01,Massachusettes,WESTERN,4112.175604064186,0.000527764703263655
32,38,03,North Dakota,NORTHEAST,22576.212762266474,0.0028974755400812233
38,45,07,South Carolina,SOUTHERN,18327.86219887071,0.0023522338747606606
19,25,03,Massachusettes,COASTAL,6082.765787939455,0.0007806741224575561
6,09,01,Connecticut,NORTHWEST,2753.162106439765,0.00035334623859590463
6,09,02,Connecticut,CENTRAL,7416.990834119277,0.0009519111885225586
37,44,01,Rhode Island,ALL,2816.231832910136,0.00036144073131228025
30,36,08,New York,ST. LAWRENCE VALLEY,7798.4427124882095,0.001000867472684591
30,36,09,New York,GREAT LAKES,19058.740836611712,0.0024460362763380383
30,36,03,New York,NORTHERN PLATEAU,17560.654851333133,0.002253768975130721
30,36,07,New York,CHAMPLAIN VALLEY,7448.072935917723,0.0009559003265876391
30,36,05,New York,HUDSON VALLEY,16198.799424179968,0.002078985771638843
30,36,06,New York,MOHAWK VALLEY,7367.547938056768,0.0009455655900167127
30,36,01,New York,WESTERN PLATEAU,10804.779184811972,0.0013867066072435657
30,36,02,New York,EASTERN PLATEAU,23535.65956990076,0.0030206128300422643
30,36,04,New York,COASTAL,3723.965575938035,0.0004779410648724636
28,34,01,New Jersey,NORTHERN,7381.96247184257,0.0009474155796277178
28,34,02,New Jersey,SOUTHERN,10992.859003770624,0.001410845141051434
28,34,03,New Jersey,COASTAL,1173.8430596784024,0.00015065332654008983
30,36,10,New York,CENTRAL LAKES,12432.293599508452,0.0015955850075922006
46,54,01,West Virginia,NORTHWESTERN,4708.847234270968,0.0006043427135876054
46,54,03,West Virginia,SOUTHWESTERN,14572.824599018026,0.0018703049652385405
46,54,02,West Virginia,NORTH CENTRAL,11447.75280225311,0.0014692271056580308
46,54,04,West Virginia,CENTRAL,18078.69355952234,0.0023202550816180884
46,54,05,West Virginia,SOUTHERN,6341.391001355286,0.0008138665909114824
46,54,06,West Virginia,NORTHEASTERN,7605.315991785074,0.0009760812095825394
5,08,04,Colorado,PLATTE DRAINAGE BASIN,54159.334333899875,0.006950915468064627
5,08,02,Colorado,COLORADO DRAINAGE BASIN,99701.17247630574,0.012795844529351154
5,08,05,Colorado,RIO GRANDE DRAINAGE BASIN,19590.7756460599,0.002514318669983107
5,08,01,Colorado,ARKANSAS DRAINAGE BASIN,72351.7151747186,0.009285761398920511
5,08,03,Colorado,KANSAS DRAINAGE BASIN,23793.920225923262,0.00305375851048346
4,06,07,California,SOUTHEAST DESERT BASIN,118191.26150629175,0.0151688989146222
4,06,03,California,NORTHEAST INTER. BASINS,18262.662089495585,0.002343865964513075
4,06,02,California,SACRAMENTO DRNG.,70765.9677606837,0.009082243457567982
4,06,05,California,SAN JOAQUIN DRNG.,84566.31615536391,0.010853407307734087
4,06,01,California,NORTH COAST DRAINAGE,54122.4262247412,0.006946178608758595
4,06,04,California,CENTRAL COAST DRNG.,26157.629136390657,0.003357121560082207
4,06,06,California,SOUTH COAST DRNG.,37535.8963350434,0.004817430746736731
26,32,03,Nevada,SOUTH CENTRAL,88852.03831383219,0.01140344531705427
26,32,02,Nevada,NORTHEASTERN,92719.26782483976,0.011899773157069709
26,32,01,Nevada,NORTHWESTERN,78926.52170611029,0.010129584997948339
26,32,04,Nevada,EXTREME SOUTHERN,25853.97477546599,0.0033181499622910687
48,56,01,Wyoming,YELLOWSTONE DRAINAGE,10492.781751212377,0.001346664243099395
48,56,02,Wyoming,SNAKE DRAINAGE,13219.909532933849,0.0016966691852667037
48,56,04,Wyoming,BIG HORN,29415.04399723667,0.0037751845887480867
48,56,05,Wyoming,"POWDER, LITTLE MISSOURI, TONGU",30183.896312526114,0.0038738606067739876
48,56,06,Wyoming,BELLE FOURCHE DRAINAGE,10048.908813234208,0.0012896967174014923
48,56,07,Wyoming,CHEYENNE & NIOBRARA DRAINAGE,19026.68658595398,0.0024419223707767106
48,56,03,Wyoming,GREEN AND BEAR DRAINAGE,48125.4657794608,0.006176516912706695
48,56,10,Wyoming,UPPER PLATTE,38442.477908751505,0.00493378320862077
48,56,08,Wyoming,LOWER PLATTE,34166.44976026998,0.004384989347604721
48,56,09,Wyoming,WIND RIVER,20211.87072456189,0.002594031233687865
42,49,01,Utah,WESTERN,59463.45943718309,0.0076316573139237655
42,49,03,Utah,NORTH CENTRAL,14879.5451400797,0.0019096700826178408
42,49,05,Utah,NORTHERN MOUNTAINS,29940.63140114661,0.0038426395096881104
42,49,06,Utah,UINTA BASIN,14881.93053607447,0.0019099762290304848
42,49,07,Utah,SOUTHEAST,53590.52811805104,0.006877913759814306
42,49,04,Utah,SOUTH CENTRAL,43617.51424929798,0.005597957548828376
42,49,02,Utah,DIXIE,3510.909109471566,0.0004505969790090225
35,41,09,Oregon,SOUTHEAST,25718.153854155178,0.0033007184381699316
35,41,07,Oregon,SOUTH CENTRAL,77264.6004441281,0.009916290755160963
35,41,05,Oregon,HIGH PLATEAU,14709.638056974558,0.0018878638734645269
35,41,03,Oregon,SOUTHWESTERN VALLEYS,23030.307954681553,0.0029557550100147395
35,41,04,Oregon,NORTHERN CASCADES,9012.296601681084,0.0011566558677624076
35,41,06,Oregon,NORTH CENTRAL,22943.909719345058,0.002944666490596988
35,41,08,Oregon,NORTHEAST,33590.71732400472,0.004311098714606341
35,41,01,Oregon,COASTAL AREA,20738.601300646173,0.0026616328715926936
35,41,02,Oregon,WILLAMETTE VALLEY,24411.716605463916,0.003133047712676914
29,35,03,New Mexico,NORTHEASTERN PLAINS,38183.647726558076,0.0049005644340708735
29,35,07,New Mexico,SOUTHEASTERN PLAINS,54654.24962499549,0.007014433869732001
29,35,01,New Mexico,NORTHWESTERN PLATEAU,33977.28056297764,0.004360711000839339
29,35,02,New Mexico,NORTHERN MOUNTAINS,49218.01332960854,0.006316736613693023
29,35,08,New Mexico,SOUTHERN DESERT,47822.54429202305,0.00613763937334
29,35,04,New Mexico,SOUTHWESTERN MOUNTAINS,39775.606325801615,0.005104879531146839
