year,month,conus_pdsi
1985,Jan,0.7734481982412972
1985,Feb,0.7346015552413543
1985,Mar,0.7163174304756805
1985,Apr,0.21745462494954382
1985,May,0.0974441689919656
1985,Jun,0.12027200925925502
1985,Jul,0.16705767654198975
1985,Aug,0.5028631601553937
1985,Sep,1.3002055858637969
1985,Oct,1.638741812848179
1985,Nov,1.9888850605024075
1985,Dec,1.1316074583762525
1986,Jan,0.6289375762405425
1986,Feb,0.8911525353863348
1986,Mar,0.21623766471966802
1986,Apr,0.06942998276382649
1986,May,0.07067650444642203
1986,Jun,0.16224059390044332
1986,Jul,0.2729854675953438
1986,Aug,0.4381833044962599
1986,Sep,1.1652339221045969
1986,Oct,1.3217236632887783
1986,Nov,1.437670641077183
1986,Dec,1.124359231325487
1987,Jan,0.9447326928085661
1987,Feb,0.8845070318684495
1987,Mar,0.8517859647983756
1987,Apr,-0.13866198601616955
1987,May,-0.10657041693393728
1987,Jun,-0.1463623726029393
1987,Jul,0.05304345361346382
1987,Aug,0.17669549974014725
1987,Sep,-0.4469171776609303
1987,Oct,-0.6325898112761834
1987,Nov,-0.4876158908975958
1987,Dec,-0.2980484085530712
1988,Jan,-0.4506746322049069
1988,Feb,-0.7583230438343008
1988,Mar,-0.8853135139020254
1988,Apr,-0.9295465116457841
1988,May,-1.2422700282699157
1988,Jun,-1.7888925424565894
1988,Jul,-1.8481142301775
1988,Aug,-1.8102900574380796
1988,Sep,-1.4789355395196124
1988,Oct,-1.9048655986906502
1988,Nov,-1.3483161592715336
1988,Dec,-1.5072705980204921
1989,Jan,-1.3643541417103788
1989,Feb,-1.2047881471318684
1989,Mar,-0.9463508048519893
1989,Apr,-1.327995435623996
1989,May,-1.0248728453187803
1989,Jun,-0.698746417972023
1989,Jul,-0.7452519641307382
1989,Aug,-0.5239576227767067
1989,Sep,-0.3638703570793479
1989,Oct,-0.520162560077506
1989,Nov,-0.8364292557371592
1989,Dec,-1.1783960649345284
1990,Jan,-0.9391606494657775
1990,Feb,-0.707400284023792
1990,Mar,-0.7012641470591072
1990,Apr,-0.7608236048604171
1990,May,-0.248552006617359
1990,Jun,-0.7548131747100432
1990,Jul,-0.35026212051356653
1990,Aug,-0.32872014328380583
1990,Sep,-0.6196757379651545
1990,Oct,-0.29536595959920026
1990,Nov,-0.4186489162514804
1990,Dec,-0.2844116787950183
1991,Jan,-0.41785933541235726
1991,Feb,-0.876417566194548
1991,Mar,-0.23213098494054696
1991,Apr,0.04906960002932996
1991,May,0.2686357749797478
1991,Jun,0.18271436062283924
1991,Jul,0.1204532784054261
1991,Aug,-0.031907535197887256
1991,Sep,-0.05989096341601643
1991,Oct,-0.04770921766231453
1991,Nov,0.2977988585718303
1991,Dec,0.3640497602898239
1992,Jan,0.21457396841231408
1992,Feb,0.20282746448185243
1992,Mar,0.11991896877385648
1992,Apr,-0.1471003542019329
1992,May,-0.27835707189623304
1992,Jun,0.29687136234549205
1992,Jul,0.9937805186883801
1992,Aug,1.1349088069168523
1992,Sep,0.7528520492046119
1992,Oct,0.6273265314177646
1992,Nov,1.2728195249575258
1992,Dec,1.5492285493587932
1993,Jan,1.8836193458580552
1993,Feb,1.8910110511732237
1993,Mar,1.8758793459685865
1993,Apr,1.9975035427108463
1993,May,1.758930515097393
1993,Jun,2.148568130849784
1993,Jul,1.9956534685107485
1993,Aug,2.1366106520913846
1993,Sep,1.538714779473376
1993,Oct,1.5817215614062712
1993,Nov,1.4696162281028293
1993,Dec,1.1206432880981962
1994,Jan,1.0363700064862302
1994,Feb,0.9000921651805078
1994,Mar,0.4522758869270089
1994,Apr,0.41946807532831637
1994,May,0.055952137855037276
1994,Jun,-0.10450681975419943
1994,Jul,-0.0978453277822113
1994,Aug,-0.16028699465396057
1994,Sep,-0.18044761916425334
1994,Oct,0.6314871468939532
1994,Nov,0.9473629389162831
1994,Dec,0.7827728371243396
1995,Jan,1.1318030008566684
1995,Feb,0.7008048257933356
1995,Mar,0.8729722884281306
1995,Apr,1.1671079466185443
1995,May,1.8154669593423838
1995,Jun,1.962812517677749
1995,Jul,1.8814253920822583
1995,Aug,1.5626261891284843
1995,Sep,1.1691803071502902
1995,Oct,1.1580903453648679
1995,Nov,1.0477726022170524
1995,Dec,0.8323840938870998
1996,Jan,1.0058728610176813
1996,Feb,0.7349754620964025
1996,Mar,0.6007848744411064
1996,Apr,0.5613046790734775
1996,May,0.681545937075498
1996,Jun,0.6964078202512385
1996,Jul,0.8991036971894603
1996,Aug,0.9817514966309624
1996,Sep,1.4843223066812214
1996,Oct,1.5060240194650865
1996,Nov,1.7502835717110707
1996,Dec,1.9326180353146485
1997,Jan,1.9804042052185147
1997,Feb,1.8206833807083092
1997,Mar,1.4403426401978705
1997,Apr,1.7113256924314737
1997,May,1.4820639166371792
1997,Jun,1.5532707065687175
1997,Jul,1.4827124397030418
1997,Aug,1.4891101345174655
1997,Sep,1.5241368972742504
1997,Oct,1.5475854288543258
1997,Nov,1.3471535000015922
1997,Dec,1.296503569526041
1998,Jan,1.56412930558606
1998,Feb,1.9402974716359256
1998,Mar,2.0542536462200816
1998,Apr,1.5583797034332343
1998,May,1.0942797239859268
1998,Jun,1.304124969709916
1998,Jul,1.255115374635301
1998,Aug,0.9346953685165954
1998,Sep,0.6227915861949512
1998,Oct,0.9502776737190902
1998,Nov,0.8827817499653382
1998,Dec,0.37943798737449674
1999,Jan,0.7105904678283032
1999,Feb,0.35107861494413917
1999,Mar,-0.02226927630891431
1999,Apr,0.25780548340104914
1999,May,0.30421751694427035
1999,Jun,0.49967232684074914
1999,Jul,0.5125383611992859
1999,Aug,0.27216753474466776
1999,Sep,0.18744410979039794
1999,Oct,-0.6546878683031656
1999,Nov,-1.371103264008342
1999,Dec,-1.6364548293069223
2000,Jan,-1.5739443747511326
2000,Feb,-1.5121036619348704
2000,Mar,-1.5675990340369057
2000,Apr,-1.4826062492137932
2000,May,-1.5849310891572073
2000,Jun,-1.2236838670631476
2000,Jul,-1.4364083165279695
2000,Aug,-1.7514293097315001
2000,Sep,-1.7625353814969007
2000,Oct,-0.9021802271070869
2000,Nov,-0.2777428342526241
2000,Dec,-0.44949289993086095
2001,Jan,-0.48463618673978504
2001,Feb,-0.35645802659583137
2001,Mar,-0.42368853832312553
2001,Apr,-0.6538325440293065
2001,May,-0.7358790605242468
2001,Jun,-0.7254174722527766
2001,Jul,-0.7737735733230507
2001,Aug,-1.1241343340143977
2001,Sep,-1.161118224079169
2001,Oct,-1.168621122415176
2001,Nov,-1.2736714187856744
2001,Dec,-1.3478164139982984
2002,Jan,-1.4257646875604175
2002,Feb,-1.6370626887292148
2002,Mar,-1.4663248845909267
2002,Apr,-1.5922920936063472
2002,May,-1.6426803557954215
2002,Jun,-2.0271415438621037
2002,Jul,-2.2035073386525097
2002,Aug,-2.2185383848741886
2002,Sep,-1.8536529583751498
2002,Oct,-1.1004134337604035
2002,Nov,-1.1966193543995094
2002,Dec,-0.9241966212975197
2003,Jan,-1.4075377579091155
2003,Feb,-1.043060451592213
2003,Mar,-1.0874733216672092
2003,Apr,-0.920458069282712
2003,May,-0.6355035520393525
2003,Jun,-0.39978170702634186
2003,Jul,-0.647511317737971
2003,Aug,-0.8483413057481519
2003,Sep,-0.7585816027423933
2003,Oct,-1.0263200187579908
2003,Nov,-0.8323224688883879
2003,Dec,-0.7279188774523483
2004,Jan,-0.7989445984950551
2004,Feb,-0.4415350539367712
2004,Mar,-0.8811153539785294
2004,Apr,-0.8063724110292035
2004,May,-0.5186898707017682
2004,Jun,-0.19374711513848183
2004,Jul,-0.05817599892309375
2004,Aug,0.331284467722314
2004,Sep,0.7510441515593163
2004,Oct,1.3590511937989909
2004,Nov,1.5987319511723086
2004,Dec,1.2840400162291261
2005,Jan,1.3967056683280985
2005,Feb,1.1269236879089022
2005,Mar,0.777033913018387
2005,Apr,0.8425444010715075
2005,May,1.0124965943236215
2005,Jun,1.0933153388558279
2005,Jul,0.7148840778136099
2005,Aug,0.7182540496425657
2005,Sep,-0.16014180270276254
2005,Oct,0.06328607232699912
2005,Nov,-0.30442693153707495
2005,Dec,-0.37219696596000357
2006,Jan,-0.4003679462215449
2006,Feb,-0.7787652208994327
2006,Mar,-0.7428149969561437
2006,Apr,-0.9100973334475156
2006,May,-1.5320064490640912
2006,Jun,-1.6121239067928936
2006,Jul,-1.7122357406803739
2006,Aug,-1.2653213531668583
2006,Sep,-0.7599125224711666
2006,Oct,-0.20360879354230346
2006,Nov,-0.33442876333377547
2006,Dec,-0.15660553850724013
2007,Jan,-0.1899582802507992
2007,Feb,-0.38773227733334575
2007,Mar,-0.6793934253955951
2007,Apr,-0.6067490870957413
2007,May,-0.7971078950472775
2007,Jun,-0.9462319182262939
2007,Jul,-0.9905371764747701
2007,Aug,-1.0161777960724643
2007,Sep,-1.4242961445299627
2007,Oct,-1.1641124593721262
2007,Nov,-1.5148177167877144
2007,Dec,-0.8860197347122778
2008,Jan,-0.7829459584678959
2008,Feb,-0.5198977735629738
2008,Mar,-0.5999730456005424
2008,Apr,-0.5626820652237339
2008,May,-0.2997707199336961
2008,Jun,-0.3158815321785767
2008,Jul,-0.16379342157400528
2008,Aug,0.14438569836948745
2008,Sep,0.09134191738474297
2008,Oct,0.11822866797856875
2008,Nov,-0.10410857227014478
2008,Dec,0.25688179643583137
2009,Jan,-0.060447395428960105
2009,Feb,-0.2801600785139911
2009,Mar,-0.054229872117136896
2009,Apr,0.21284626798389356
2009,May,0.22870790588726791
2009,Jun,0.2709710998909865
2009,Jul,0.4668106926930101
2009,Aug,0.45434497989174
2009,Sep,0.5184068619284089
2009,Oct,1.602489516753702
2009,Nov,0.7139496794165069
2009,Dec,1.3589098874023833
2010,Jan,1.4339779635826408
2010,Feb,1.1814153952540327
2010,Mar,0.8836622090789281
2010,Apr,0.8289520355482608
2010,May,1.0911825526282346
2010,Jun,1.3708265009439744
2010,Jul,1.5507207629555402
2010,Aug,1.1223720744322727
2010,Sep,1.0056536839684715
2010,Oct,0.7895654160719967
2010,Nov,0.6695287118270364
2010,Dec,0.7787525886057852
2011,Jan,0.4544095952565901
2011,Feb,0.6028356260739318
2011,Mar,0.7213592374173746
2011,Apr,1.0602329879240948
2011,May,1.3133542614355092
2011,Jun,0.939674333924466
2011,Jul,0.6407694093877938
2011,Aug,-0.10946966328735538
2011,Sep,-0.632179041941847
2011,Oct,-0.5708953408745304
2011,Nov,-0.7917649128931729
2011,Dec,-0.819475932107286
2012,Jan,-1.0460199226527753
2012,Feb,-1.2712358434881859
2012,Mar,-1.626796065621122
2012,Apr,-1.7516448034951624
2012,May,-1.9645960283601414
2012,Jun,-2.277425226661815
2012,Jul,-2.406177130772026
2012,Aug,-2.523074436595472
2012,Sep,-2.3914009426059137
2012,Oct,-1.9653744651989062
2012,Nov,-2.3556894872393306
2012,Dec,-1.9345557153533592
2013,Jan,-1.7197146093035538
2013,Feb,-1.4686448430443255
2013,Mar,-1.7420141248845702
2013,Apr,-1.2046350335281206
2013,May,-0.9427321233581156
2013,Jun,-0.9191400740693113
2013,Jul,-0.7160114919235605
2013,Aug,-0.6639683131466788
2013,Sep,-0.00960188997396342
2013,Oct,0.09018069928810292
2013,Nov,0.0387682764553485
2013,Dec,-0.029924155799336608
2014,Jan,-0.47768604129583075
2014,Feb,-0.3272976066805463
2014,Mar,-0.3760080824232064
2014,Apr,-0.26423126491682924
2014,May,-0.48305278437403276
2014,Jun,-0.22665342507414046
2014,Jul,-0.14438790079326705
2014,Aug,0.2859548962283131
2014,Sep,0.22343608310974422
2014,Oct,0.028864198708554105
2014,Nov,0.15479306412048124
2014,Dec,0.17898433567727007
2015,Jan,-0.046083781371907
2015,Feb,-0.27147578418640345
2015,Mar,-0.7287325561164718
2015,Apr,-0.6855231315629985
2015,May,0.2601090346379348
2015,Jun,0.4432785600169134
2015,Jul,0.5865315108401669
2015,Aug,0.30466117519403707
2015,Sep,-0.0678876051566824
2015,Oct,0.425377674643031
2015,Nov,0.7537845206675623
2015,Dec,1.3509028653335717
2016,Jan,0.7987707778428955
2016,Feb,0.5388022791539901
2016,Mar,0.29008257848383506
2016,Apr,0.3510297560448471
2016,May,0.3199690490557079
2016,Jun,-0.13595278758084092
2016,Jul,-0.18045919282504047
2016,Aug,0.11653764548887882
2016,Sep,0.11323856656523275
2016,Oct,0.17917878244670737
2016,Nov,-0.2467899351332175
2016,Dec,0.24602219106176618
2017,Jan,0.7352064866784576
2017,Feb,0.5889734843028859
2017,Mar,0.32386291687376395
2017,Apr,0.7892727301659892
2017,May,0.6209124382520863
2017,Jun,0.43203489075460627
2017,Jul,0.25799168136437356
2017,Aug,0.45871931341884764
2017,Sep,0.21367711685677454
2017,Oct,0.20235028680392028
2017,Nov,-0.3889380808630169
2017,Dec,-0.6735008832595667
2018,Jan,-0.849413715922395
2018,Feb,-0.39885770158954814
2018,Mar,-0.46358260006036484
2018,Apr,-0.38496161569502535
2018,May,-0.7910353760094404
2018,Jun,-0.8853464481190284
2018,Jul,-0.8445208402188356
2018,Aug,-0.5816114471909785
2018,Sep,-0.09895981194773769
2018,Oct,1.2382822571667849
2018,Nov,1.3937069202262182
2018,Dec,1.6387137088567383
2019,Jan,1.6168140305701795
2019,Feb,2.075836845513109
2019,Mar,1.8749383122575078
2019,Apr,1.9684820905527216
2019,May,2.5109428290885587
2019,Jun,2.504818773787186
2019,Jul,2.245171526459312
2019,Aug,1.8181990197126
2019,Sep,1.6955534433038482
2019,Oct,1.9857518201101558
2019,Nov,1.9213202094360382
2019,Dec,1.9034312022655677
2020,Jan,1.7335284980631707
2020,Feb,1.6190640134582286
2020,Mar,1.4009657754541962
2020,Apr,1.1085704632043518
2020,May,0.9202795181302906
2020,Jun,0.5115062139701523
2020,Jul,0.30461154194395434
2020,Aug,-0.3252211715257995
2020,Sep,-0.5938957887464698
2020,Oct,-0.5851093772093356
2020,Nov,-0.9285195934882474
2020,Dec,-0.9873295562829707
2021,Jan,-1.0641302083341875
2021,Feb,-1.0532088734777771
2021,Mar,-1.2612185863491274
2021,Apr,-1.4847975035662722
2021,May,-1.406877519305107
2021,Jun,-1.6404726775710328
2021,Jul,-1.3909966453408307
2021,Aug,-1.1736077832878873
2021,Sep,-1.4092025930647196
2021,Oct,-0.8734960987269503
2021,Nov,-1.6077806531970944
2021,Dec,-1.5239161512924175
2022,Jan,-1.6616299601095548
2022,Feb,-1.6260115425623842
2022,Mar,-1.7792665452497431
2022,Apr,-1.4305800830415074
2022,May,-1.422548172270446
2022,Jun,-1.6300753154598355
2022,Jul,-1.592989969771067
2022,Aug,-1.2004906270103244
2022,Sep,-1.4669528485855248
2022,Oct,-1.4798009686185292
2022,Nov,-1.0536444675756995
2022,Dec,-0.4651114038178457
2023,Jan,-0.05094788921219398
2023,Feb,-0.1200012502474982
2023,Mar,0.11302078176585793
2023,Apr,-0.15991253335359673
2023,May,-0.37499100319666184
2023,Jun,-0.24746703821383226
2023,Jul,-0.3788361749496069
2023,Aug,-0.2711873355097666
2023,Sep,-0.5741013403619758
2023,Oct,-0.7014792065256994
2023,Nov,-1.1663920191216848
2023,Dec,-0.9047873383353325
2024,Jan,-0.3832628316175747
2024,Feb,-0.5372089642242626
2024,Mar,-0.3723476484767571
2024,Apr,-0.33962483982988867
2024,May,-0.17769193768240307
2024,Jun,-0.43538975123553486
2024,Jul,-0.5257664674433352
2024,Aug,-0.7575683196885639
2024,Sep,-1.165920234974934
2024,Oct,-1.8473959343299782
2024,Nov,-1.2457669393605204
2024,Dec,-1.3708465721824077
2025,Jan,-1.6345638574439472
2025,Feb,-1.469029954158742
2025,Mar,-1.6481765817886977
2025,Apr,-1.420765070326927
2025,May,-1.0149942433849728
2025,Jun,-1.0240294321908756
2025,Jul,-1.1283747494612322
2025,Aug,-1.3506612373761056
2025,Sep,-1.6612935332244796
2025,Oct,-1.4850513558444183
2025,Nov,-1.7444273064916793
2025,Dec,-1.903687200916257
