year,annual_pdsi
1985,0.7824082284539263
1986,0.6499025906120738
1987,0.05449988157401462
1988,-1.3294010379526158
1989,-0.8945979681120853
1990,-0.5340915352620602
1991,-0.03193283082705609
1992,0.561637526538273
1993,1.783205992445058
1994,0.39022453611308766
1995,1.2752038723789054
1996,1.0695828967456544
1997,1.5562743759698983
1998,1.211713713414743
1999,-0.049083401852873486
2000,-1.2937214371003332
2001,-0.8524205762567365
2002,-1.607349528791976
2003,-0.8612342042370157
2004,0.13546428152326273
2005,0.5757231752574732
2006,-0.8673573804236115
2007,-0.8835944926081973
2008,-0.2281845840535782
2009,0.45271662881565095
2010,1.0588841579080979
2011,0.2340708800262974
2012,-1.9594991723370174
2013,-0.7739531402740071
2014,-0.11894037730945752
2015,0.19374520691156283
2016,0.19920247588373016
2017,0.2967135317790935
2018,-0.08563222254196771
2019,2.010105008588065
2020,0.3482042114142934
2021,-1.3241421077927837
2022,-1.4007584920060385
2023,-0.40309019560516596
2024,-0.7632325367538467
2025,-1.4570878768840279
