mtbs_fire,year,acres,latitude,longitude,ignition_date,pyrocb_events,max_inject_alt,pyrocb
416,2018,55178.0,37.49428968622108,-107.90478844442556,2018-06-01,3,11300.0,1
ANTELOPE,2021,141890.0,41.62387886418796,-121.76939280001945,2021-08-01,2,11800.0,1
BADGER CREEK,2018,20741.0,41.04582853872727,-106.09494668185638,2018-06-10,1,12000.0,1
BALD,2014,39760.0,40.87204778906422,-121.3092451487717,2014-07-31,2,12000.0,1
BEAVER COMPLEX,2014,35178.0,42.02926702425751,-122.2598457481236,2014-07-31,1,,1
BEAVER CREEK,2013,111308.0,43.58706622189646,-114.53672054896114,2013-08-07,2,11500.0,1
BEAVER CREEK,2016,44198.0,40.94746513420874,-106.52484046127026,2016-06-19,2,11000.0,1
BLACK,2022,328399.0,33.205503979545405,-107.88694023128603,2022-05-14,1,10600.0,1
BLACK BUTTE,2021,24728.0,44.12278356706054,-118.36560709350822,2021-08-03,1,11000.0,1
BOOTLEG,2021,413425.0,42.62785575914759,-121.08084417111792,2021-07-06,5,11600.0,1
BOUNDARY,2021,97976.0,44.57869171584373,-115.17516090317496,2021-08-10,1,11300.0,1
BRIANHEAD,2017,74260.0,37.7711616272466,-112.6903467274081,2017-06-17,2,11300.0,1
BRINGHAM,2020,23132.0,33.443001853437046,-109.29585102396358,2020-06-06,1,11700.0,1
CAMERON PEAK,2020,208743.0,40.60636486439281,-105.59594827103558,2020-08-13,3,13000.0,1
CAMPBELLS,2015,9108.0,45.46162040641429,-115.3005263182005,2015-08-13,1,10800.0,1
CARPENTER 1,2013,27871.0,36.22558672829447,-115.61000573316146,2013-07-01,2,14300.0,1
CARR,2018,233526.0,40.700919950424215,-122.58727254361207,2018-07-23,2,11900.0,1
CASTLE,2020,174347.0,36.21883615414241,-118.54379739589469,2020-08-19,1,13500.0,1
CEDAR,2016,44130.0,34.02179804679896,-110.14804689212156,2016-06-15,1,11500.0,1
CEDAR CREEK,2021,58650.0,48.51404920877778,-120.40962857816407,2021-07-08,1,11300.0,1
CEDAR CREEK,2022,136259.0,43.77848046687215,-122.17951280686168,2022-08-01,1,10400.0,1
COUGAR CREEK,2015,51849.0,46.18266477056179,-121.37724205874215,2015-08-10,1,11000.0,1
COUGAR PEAK,2021,95373.0,42.39036906381456,-120.4899539823444,2021-09-07,1,13000.0,1
CRANSTON,2018,13084.0,33.7152456609441,-116.69702871596716,2018-07-25,2,14100.0,1
CREEK,2020,381529.0,37.33327313025117,-119.27584915908018,2020-09-05,3,16600.0,1
CRESCENT MOUNTAIN,2018,53264.0,48.3676268682201,-120.46615880258904,2018-07-29,1,10600.0,1
CROOKED CREEK,2021,4310.0,45.19592154033637,-108.36846836858604,2021-06-16,1,11500.0,1
DELTA,2018,63688.0,41.001633450791296,-122.46272472381176,2018-09-05,1,13000.0,1
DIAMOND CREEK,2017,117619.0,48.93646292421257,-120.38295670181066,2017-07-23,2,14800.0,1
DIXIE,2021,979722.0,40.21128949010718,-121.04824149937404,2021-07-14,5,12900.0,1
DOLLAR RIDGE,2018,69762.0,40.11517860844854,-110.90351031728902,2018-07-01,1,11000.0,1
EAGLE CREEK,2017,48787.0,45.612693367185855,-121.90547408790346,2017-09-02,1,11600.0,1
EAST PEAK,2013,10072.0,37.42834392705252,-104.88900447438937,2013-06-19,1,,1
EAST TROUBLESOME,2020,188816.0,40.23656248410142,-106.03194367033548,2020-10-14,2,13400.0,1
EILER,2014,30955.0,40.78985481950341,-121.55940079380788,2014-07-31,1,10000.0,1
FAMILY PEAK COMPLEX,2015,49762.0,48.22625798326649,-112.99180519760117,2015-08-13,1,14000.0,1
FERGUSON,2018,97379.0,37.62932008784891,-119.80540400002616,2018-07-13,1,13900.0,1
FLATT,2021,14644.0,37.616542588894056,-113.75705379623004,2021-06-18,1,12500.0,1
GOLD PAN COMPLEX,2013,43216.0,45.677868196127335,-114.64692340290364,2013-07-16,1,11200.0,1
HARDLUCK,2013,25890.0,43.93339403720291,-109.71976457097408,2013-07-20,1,11600.0,1
HAYDEN PASS,2016,17961.0,38.29694590215125,-105.76485092368353,2016-07-08,1,10800.0,1
HENRYS CREEK,2016,52960.0,43.43856568038412,-111.74795697995592,2016-08-21,1,9400.0,1
HERMITS PEAK,2022,351782.0,35.84036404518554,-105.41227773991504,2022-04-06,7,14700.0,1
HOG,2020,9712.0,40.42050022980107,-120.8050083034107,2020-07-18,2,11500.0,1
IBEX,2017,16778.0,44.547462811179166,-114.62383873553355,2017-07-24,1,10800.0,1
JAROSO,2013,9520.0,35.901966552049174,-105.69085931264205,2013-06-10,1,11900.0,1
JOHNSON,2021,95860.0,33.200067031163286,-108.46443878463032,2021-05-20,1,8900.0,1
KEYSTONE,2017,2785.0,41.17358202795532,-106.2817251935283,2017-07-03,1,11000.0,1
KNP COMPLEX,2021,90072.0,36.572552569259926,-118.81652508330389,2021-09-12,2,13400.0,1
LAKE,2020,30958.0,34.67690995663694,-118.55491679634872,2020-08-12,2,13000.0,1
LAVA,2021,26263.0,41.47961872533549,-122.2810624819964,2021-06-25,1,11200.0,1
LAVA MOUNTAIN,2016,14647.0,43.60809930866963,-109.90211440938158,2016-07-11,2,11300.0,1
LOYALTON,2020,45522.0,39.70661397023208,-120.10891775696513,2020-08-14,1,13000.0,1
MALLARD,2018,75512.0,34.90579200315152,-101.216945933852,2018-05-08,1,16600.0,1
MAPLE,2016,16095.0,44.724885352903726,-110.98829805327732,2016-08-09,1,11500.0,1
MCCAN,2013,22876.0,43.42580091477491,-114.93133798701982,2013-08-07,1,16000.0,1
MCFARLAND,2021,121476.0,40.27449597133242,-122.90637165208932,2021-07-30,1,12700.0,1
MCKINNEY,2022,60546.0,41.81306308738992,-122.84126943213732,2022-07-29,2,12900.0,1
MEYERS,2017,68734.0,45.98971751319575,-113.58220950180842,2017-07-14,1,10400.0,1
MINER PARADISE COMPLEX,2013,12207.0,45.22013195179857,-110.72197516481664,2013-08-16,1,10800.0,1
MONUMENT,2018,6970.0,45.0063642714491,-111.8301797079983,2018-08-06,1,11600.0,1
MONUMENT,2021,225973.0,40.73260244411679,-123.2544612678286,2021-07-31,1,10000.0,1
MOOSE,2022,142291.0,45.31432084962964,-114.12701112834355,2022-07-17,3,12900.0,1
MOSQUITO,2022,77881.0,39.02213606153994,-120.67493738748746,2022-09-07,1,11400.0,1
MULLEN,2020,179795.0,41.10372060538405,-106.2827032202037,2020-09-17,1,12100.0,1
NORTH COMPLEX,2020,316524.0,39.7293321306592,-121.1947698833773,2020-08-17,2,17200.0,1
PATCH SPRINGS,2013,29557.0,40.414939948837855,-112.64666604952748,2013-08-10,1,10000.0,1
PATTON MEADOW,2021,9163.0,42.23187467928577,-120.58392101266053,2021-08-12,1,11000.0,1
PINE GULCH,2020,138178.0,39.43116575916504,-108.53992655673808,2020-07-31,2,13200.0,1
PIONEER,2016,189508.0,44.11872197014057,-115.58369622050648,2016-07-18,4,11800.0,1
RABBIT FOOT,2018,33812.0,44.85927472458148,-114.2337841860964,2018-08-02,1,9200.0,1
RICE RIDGE,2017,171675.0,47.24857284000055,-113.26811562414382,2017-07-24,1,10600.0,1
RIM,2013,257334.0,37.90462354035267,-119.938740384463,2013-08-17,2,14300.0,1
RIVER COMPLEX,2015,78468.0,40.91966789357738,-123.37270420808235,2015-07-31,1,12500.0,1
ROOSEVELT,2018,55290.0,43.06240125340758,-110.40154829897064,2018-09-15,1,11300.0,1
SARTIN DRAW,2017,91520.0,45.86258703829273,-106.03221751276392,2017-08-30,1,11400.0,1
SHAFTER,2020,3140.0,40.94619998370725,-114.31949349887928,2020-07-17,1,10800.0,1
SILVER,2013,137999.0,33.010533005341465,-107.82239750794446,2013-06-07,5,15200.0,1
SOUTH FORK COMPLEX,2014,66753.0,44.28358875346592,-119.46989020776093,2014-08-01,1,10000.0,1
SPRING CREEK,2018,107022.0,37.5504972890984,-105.14987305331576,2018-06-27,5,15500.0,1
STATELINE COMPLEX,2021,1958.0,47.12393656182545,-115.29324568781124,2021-07-17,1,13000.0,1
STOUTS CREEK,2015,27544.0,42.868603125101046,-122.98168498079193,2015-07-30,1,12000.0,1
SUGARLOAF,2018,1212.0,39.81150662253648,-105.98274365124134,2018-06-28,1,12000.0,1
TELEGRAPH,2021,187117.0,33.252271559863736,-110.9140068761542,2021-06-04,2,12000.0,1
TEPEE SPRINGS,2015,94816.0,45.34353334970775,-116.1592770221232,2015-08-12,2,11800.0,1
THOMPSON RIDGE,2013,21071.0,35.89133993328015,-106.55845083094464,2013-05-31,1,11300.0,1
TRAIL CREEK,2021,62475.0,45.62593831860016,-113.78180830807192,2021-07-08,1,10600.0,1
TRAIL MOUNTAIN,2018,18329.0,39.41124827323277,-111.17274835762866,2018-06-07,1,10800.0,1
TWO BULLS FIRE,2014,7335.0,44.10168549267015,-121.4538236759374,2014-06-07,1,7600.0,1
WEST FORK,2013,2501.0,65.4407945001474,-154.1120763254931,2013-07-13,2,12000.0,1
WEST FORK COMPLEX,2013,18774.0,37.51893354747638,-106.9402058838999,2013-06-05,6,15000.0,1
WESTON PASS,2018,13160.0,39.03375860448823,-106.0242915450549,2018-06-28,1,,1
WILLIAMS FLATS,2019,44655.0,47.97189171589583,-118.48949000347208,2019-08-02,2,10400.0,1
WILLIAMS FORK,2020,14677.0,39.83388713860016,-106.01008845467948,2020-08-14,2,13700.0,1
WOODS CREEK,2021,55808.0,46.54129360238921,-111.28132888372588,2021-07-10,1,11400.0,1
WYRICK,2021,7448.0,34.489818622387254,-110.61797911416136,2021-06-19,1,11000.0,1
YARNELL HILL,2013,7946.0,34.24167185407,-112.7715376940776,2013-06-28,1,14000.0,1
YORK,2023,94728.0,35.30274262555893,-115.2058721394128,2023-07-28,1,11000.0,1
