datetime,fire_name,region,status,lat,lon,pcb_min_bt,trop_alt,max_inject_alt,trop_relative_alt,min_smoke_mass,max_smoke_mass,plume_code,pulse_code,notes,tmax_c
2013-06-04 22:00:00,Thompson Ridge,CONUS,C,35.9,-106.6,-49.1,14603.22107,11300.0,-3303.221071,,,,0,,24.950000000000045
2013-06-11 23:00:00,Jaroso,CONUS,C,35.9,-105.7,-52.8,15358.69457,11900.0,-3458.69457,,,,0,,23.150000000000034
2013-06-12 18:15:00,Silver,CONUS,C,32.9,-107.8,-52.8,15182.85886,11700.0,-3482.85886,,,,0,,33.950000000000045
2013-06-13 18:00:00,Silver,CONUS,C,32.9,-107.8,-51.0,15764.33312,12000.0,-3764.333123,,,,0,,31.950000000000045
2013-06-20 20:45:00,West Fork,CONUS,C,37.5,-106.9,-58.1,13542.98877,12000.0,-1542.988773,,,,1,,17.650000000000034
2013-06-21 20:30:00,West Fork Complex,CONUS,C,37.5,-106.9,-46.4,12556.93149,10700.0,-1856.931487,,,,0,,17.25
2013-06-21 21:00:00,West Fork Complex (Papoose),CONUS,C,37.7,-107.2,-47.2,12553.26059,10800.0,-1753.260595,,,,0,,17.05000000000001
2013-06-22 14:11:00,East Peak,CONUS,C,37.44,-104.88,,12712.45714,,,,,,0,,27.850000000000023
2013-06-23 22:00:00,West Fork Complex,CONUS,C,37.5,-106.9,-54.3,12538.10236,11500.0,-1038.102364,,,,0,,17.75
2013-06-26 21:32:00,West Fork Complex (Papoose),CONUS,C,37.7,-107.2,-60.0,14786.47418,13300.0,-1486.474181,,,,0,,20.75
2013-06-27 18:00:00,Silver,CONUS,C,32.9,-107.8,-59.7,15808.04414,13400.0,-2408.04414,,,,1,,34.75
2013-06-27 20:15:00,West Fork,CONUS,C,37.6,-106.83,,15578.42236,,,,,,0,,23.05000000000001
2013-06-28 14:30:00,Silver,CONUS,C,32.9,-107.8,-70.6,14772.44991,15200.0,427.5500906,0.0045,0.0078,indv_well_obs,1,"(Peterson et al. 2017a, b; Fromm et al. 2021)",31.05000000000001
2013-06-28 20:00:00,West Fork Complex,CONUS,C,37.5,-106.9,-70.6,14810.95885,15000.0,189.0411456,0.006,0.01,indv_est,0,,23.350000000000023
2013-06-30 18:45:00,Silver,CONUS,C,32.9,-107.8,-70.0,15771.91171,15000.0,-771.9117069,0.006,0.01,indv_est,0,,30.450000000000045
2013-06-30 23:00:00,Yarnell Hill,CONUS,C,34.2,-112.8,-65.0,15768.87628,14000.0,-1768.876279,,,,0,"Firefighter deaths, convection, pyroCb (Peterson et al. 2017)",42.05000000000001
2013-07-03 21:00:00,West Fork Complex,CONUS,C,37.5,-106.9,-73.2,15707.47014,14600.0,-1107.47014,,,,0,,19.650000000000034
2013-07-04 20:00:00,Carpenter 1,CONUS,C,36.2,-115.7,-67.0,14758.4031,14300.0,-458.4030971,0.006,0.01,indv_est,0,,33.85000000000002
2013-07-05 20:00:00,Carpenter 1,CONUS,C,36.2,-115.7,-57.4,14562.0598,,,,,,1,,30.950000000000045
2013-07-26 21:15:00,Hardluck,CONUS,C,44.0,-109.7,-49.5,13061.58549,11600.0,-1461.585487,,,,0,,23.75
2013-08-09 03:30:00,Pony / Elk,CONUS,C,43.4,-115.5,-58.9,12474.22607,15300.0,2825.773933,0.03,0.04,indv_est,0,,30.150000000000034
2013-08-09 04:00:00,McCann,CONUS,C,43.4,-114.9,-61.4,12484.32784,16000.0,3515.672165,0.03,0.04,indv_est,0,,30.55000000000001
2013-08-09 21:30:00,Pony / Elk,CONUS,C,43.4,-115.5,-55.5,11545.56388,11500.0,-45.56387721,0.006,0.01,indv_est,0,,30.150000000000034
2013-08-10 20:00:00,Pony / Elk,CONUS,C,43.4,-115.5,-60.0,12468.55975,13700.0,1231.440248,0.03,0.04,indv_est,0,,30.150000000000034
2013-08-12 21:00:00,Pony / Elk,CONUS,C,43.4,-115.5,-55.0,12482.17519,13100.0,617.8248068,0.006,0.01,indv_est,0,,29.75
2013-08-12 23:00:00,Beaver Creek Complex,CONUS,C,43.62,-114.51,,12506.21363,,,,,,0,,24.05000000000001
2013-08-13 23:00:00,Pony / Elk,CONUS,C,43.4,-115.5,-55.0,12500.52747,11500.0,-1000.527469,,,,0,,29.150000000000034
2013-08-15 00:00:00,Patch Springs,CONUS,C,40.4,-112.6,-40.0,11621.94161,10000.0,-1621.941608,,,,0,,24.350000000000023
2013-08-16 21:41:00,Gold Pan Complex,CONUS,C,45.7,-114.8,-49.5,12693.49949,11200.0,-1493.499489,,,,0,,27.150000000000034
2013-08-16 23:41:00,Beaver Creek Complex,CONUS,C,43.5,-114.6,-50.6,14714.14477,11500.0,-3214.144767,,,,0,,30.650000000000034
2013-08-19 22:50:00,Minor Paradise Complex,CONUS,C,45.3,-110.7,-44.6,13664.25215,10800.0,-2864.252149,,,,0,,28.850000000000023
2013-08-19 23:00:00,Rim,CONUS,C,37.9,-120.1,-61.4,13674.57438,14300.0,625.4256163,0.006,0.01,indv_est,0,2013 Rim Fire (Peterson et al. 2015),34.150000000000034
2013-08-21 22:00:00,Rim,CONUS,C,37.9,-120.1,-52.5,12484.53724,13100.0,615.4627625,0.006,0.01,indv_est,0,2013 Rim Fire (Peterson et al. 2015),31.150000000000034
2014-06-09 00:00:00,Two Bulls,CONUS,C,44.1,-121.5,-47.1,13452.57276,7600.0,-5852.572763,,,,0,,23.150000000000034
2014-07-02 22:00:00,,CONUS,P,37.5,-114.1,-55.1,15768.58513,12000.0,-3768.585133,,,,0,,32.950000000000045
2014-07-31 20:30:00,,CONUS,C,41.2,-121.4,-57.0,12568.09277,11700.0,-868.0927713,0.006,0.01,indv_est,0,,34.950000000000045
2014-07-31 21:30:00,Bald,CONUS,C,40.9,-121.37,-56.4,12573.68686,11700.0,-873.6868569,0.006,0.01,indv_est,0,,33.450000000000045
2014-08-01 00:30:00,,CONUS,C,42.0,-122.3,-60.5,12555.24464,16000.0,3444.75536,0.03,0.04,indv_est,0,,37.150000000000034
2014-08-01 03:00:00,,CONUS,C,41.2,-121.4,-41.9,12578.937,7500.0,-5078.937002,,,,0,,34.85000000000002
2014-08-01 04:00:00,,CONUS,C,42.0,-122.3,-44.9,12558.39603,10400.0,-2158.396033,,,,0,,37.150000000000034
2014-08-01 23:00:00,Bald,CONUS,C,40.9,-121.37,-54.3,12555.87273,12000.0,-555.8727315,0.006,0.01,indv_est,0,,33.25
2014-08-01 23:00:00,Eiler,CONUS,P,40.72,-121.56,-38.5,12554.13537,10000.0,-2554.135371,,,,0,,29.150000000000034
2014-08-02 01:00:00,Beaver Complex,CONUS,P,42.0,-122.3,-39.0,12426.47479,,,,,,0,,36.150000000000034
2014-08-02 20:30:00,,CONUS,C,42.0,-122.3,-60.0,12526.49793,16000.0,3473.502067,0.03,0.04,indv_est,0,,36.150000000000034
2014-08-02 21:30:00,,CONUS,C,40.85,-121.4,-49.8,12561.58001,11000.0,-1561.580009,,,,0,,33.150000000000034
2014-08-03 00:30:00,,CONUS,C,41.9,-122.9,-40.0,12529.82325,9600.0,-2929.823246,,,,0,,29.650000000000034
2014-08-09 23:45:00,South Fork Complex,CONUS,C,44.27,-119.45,-43.4,12531.11798,10000.0,-2531.11798,,,,0,,30.850000000000023
2014-08-11 22:00:00,July Complex,CONUS,C,41.3,-123.0,-60.9,11484.28907,16000.0,4515.710933,0.03,0.04,indv_est,0,,30.150000000000034
2015-07-31 00:30:00,Stouts,CONUS,C,42.9,-123.0,-56.1,12599.91714,12000.0,-599.9171363,0.006,0.01,indv_est,0,,39.85000000000002
2015-08-01 00:45:00,River Complex,CONUS,C,40.8,-123.4,-59.6,12631.12232,12500.0,-131.1223206,0.006,0.01,indv_est,0,,33.75
2015-08-12 18:30:00,Cougar Creek,CONUS,C,46.1,-121.4,-51.3,11512.54882,11000.0,-512.5488208,0.006,0.01,indv_est,0,,27.75
2015-08-26 23:00:00,Campbells,CONUS,C,45.5,-115.2,-48.3,12586.41403,10800.0,-1786.414031,,,,0,,27.55000000000001
2015-08-27 00:45:00,Tepee Springs,CONUS,C,45.4,-116.1,-50.2,12277.39996,11300.0,-977.399963,0.006,0.01,indv_est,0,,31.450000000000045
2015-08-27 21:00:00,Tepee Springs,CONUS,C,45.4,-116.1,-55.5,12521.13328,11800.0,-721.1332782,0.006,0.01,indv_est,0,,31.450000000000045
2015-08-28 22:00:00,Family Peak Complex,CONUS,C,48.2,-113.1,-71.7,13508.09942,14000.0,491.9005804,0.006,0.01,indv_est,1,,24.25
2016-06-21 21:30:00,Beaver Creek,CONUS,C,40.9,-106.6,-40.4,15796.54537,11000.0,-4796.545368,,,,0,,27.450000000000045
2016-06-22 00:15:00,Cedar,CONUS,C,34.1,-110.2,-46.8,16595.75139,11500.0,-5095.751388,,,,0,,33.35000000000002
2016-07-11 00:00:00,Hayden Pass,CONUS,C,38.3,-105.8,-44.6,15790.12479,10800.0,-4990.124788,,,,0,,25.75
2016-07-25 21:30:00,Lava Mountain,CONUS,C,43.6,-109.9,-40.0,11690.01576,10000.0,-1690.015759,,,,1,,27.25
2016-07-26 18:45:00,Lava Mountain,CONUS,C,43.6,-109.9,-49.0,11672.27712,11300.0,-372.2771217,0.006,0.01,indv_est,1,,26.55000000000001
2016-07-28 00:10:00,Beaver Creek,CONUS,C,40.9,-106.6,-40.4,14819.79692,10700.0,-4119.796916,,,,0,,25.350000000000023
2016-08-15 23:30:00,Maple,CONUS,C,44.9,-110.9,-55.5,12581.59671,11500.0,-1081.596714,,,,0,,22.850000000000023
2016-08-19 00:30:00,Pioneer,CONUS,C,44.0,-115.7,-51.3,12370.24868,11200.0,-1170.248682,,,,0,,24.950000000000045
2016-08-21 21:30:00,Pioneer,CONUS,C,44.0,-115.7,-48.3,11766.49019,10500.0,-1266.490191,,,,0,,25.450000000000045
2016-08-24 23:45:00,Henry's Creek,CONUS,C,43.4,-111.7,-41.5,10608.92774,9400.0,-1208.92774,,,,0,,22.05000000000001
2016-08-29 23:30:00,Pioneer,CONUS,C,44.0,-115.7,-66.7,12576.08747,11800.0,-776.0874749,0.006,0.01,indv_est,0,,26.25
2016-08-30 23:00:00,Pioneer,CONUS,C,44.0,-115.7,-43.4,12562.20309,10500.0,-2062.203088,,,,0,,25.950000000000045
2017-06-21 23:30:00,Brian Head,CONUS,C,37.7,-112.8,-42.7,15818.35263,11300.0,-4518.352634,,,,0,,23.350000000000023
2017-07-02 00:00:00,Brian Head,CONUS,C,37.7,-112.8,-44.9,13250.62962,11000.0,-2250.629617,,,,0,,20.450000000000045
2017-07-05 23:45:00,Keystone,CONUS,C,41.2,-106.3,-45.7,15494.64416,11000.0,-4494.644161,,,,0,,26.150000000000034
2017-08-12 20:30:00,Diamond Creek,CONUS,C,48.9,-120.4,-53.0,12457.63268,11000.0,-1457.632676,,,,0,2017 PNE (Peterson et al. 2018; Fromm et al. 2021),19.55000000000001
2017-08-29 20:15:00,Roney (Horse Creek Complex),CONUS,C,44.0,-122.1,-42.7,11884.78586,10300.0,-1584.785859,,,,1,,28.950000000000045
2017-08-29 21:45:00,Diamond Creek,CONUS,C,48.9,-120.4,-56.2,11528.38675,14800.0,3271.613255,0.028,0.034,indv_well_obs,1,Significant stratospheric injection after the PNE,24.25
2017-08-29 22:30:00,Ibex,CONUS,C,44.5,-114.5,-47.5,12590.80352,10800.0,-1790.80352,,,,1,,25.950000000000045
2017-08-30 00:00:00,Separation (Horse creek Complex),CONUS,C,43.8,-121.4,-42.3,11575.36967,10000.0,-1575.369674,,,,0,,26.850000000000023
2017-08-31 20:45:00,Sartin Draw,CONUS,C,45.8,-106.1,-52.8,12722.76304,11400.0,-1322.763036,,,,0,,34.55000000000001
2017-09-03 22:45:00,Meyers,CONUS,C,46.0,-113.5,-45.3,14772.74165,10400.0,-4372.741649,,,,1,,28.650000000000034
2017-09-03 23:00:00,Rice Ridge,CONUS,C,47.2,-113.3,-45.7,14738.78018,10600.0,-4138.780185,,,,1,,27.55000000000001
2017-09-04 23:15:00,Eagle Creek,CONUS,C,45.7,-121.9,-49.8,14778.18052,11600.0,-3178.180524,,,,0,,31.850000000000023
2017-09-05 01:30:00,Norse Peak (see notes),CONUS,C,47.0,-121.4,-46.4,14721.74581,11000.0,-3721.745809,,,,1,,26.450000000000045
2018-05-11 19:00:00,Mallard,CONUS,C,34.9,-101.1,-72.3,15543.15964,16600.0,1056.840359,0.03,0.04,indv_est,1,(Zhang et al. 2019),38.25
2018-06-09 21:00:00,416,CONUS,C,37.5,-107.8,-52.5,12545.77094,11300.0,-1245.77094,,,,0,,27.350000000000023
2018-06-12 22:45:00,416,CONUS,C,37.5,-107.8,-50.2,13636.06222,11000.0,-2636.062219,,,,1,,29.150000000000034
2018-06-13 20:15:00,416,CONUS,C,37.5,-107.8,-49.1,14470.76424,11000.0,-3470.764242,,,,1,,29.650000000000034
2018-06-13 21:45:00,Badger Creek,CONUS,C,41.0,-106.2,-55.9,12968.85216,12000.0,-968.8521552,0.006,0.01,indv_est,0,,25.75
2018-06-13 23:45:00,Trail Mountain,CONUS,C,39.4,-111.2,-48.3,13197.60296,10800.0,-2397.602962,,,,0,,24.150000000000034
2018-06-28 01:00:00,Spring,CONUS,C,37.5,-105.3,-49.5,15746.81237,11700.0,-4046.812369,,,,0,,30.75
2018-06-28 20:00:00,Spring,CONUS,C,37.5,-105.3,-63.6,14712.12875,13800.0,-912.1287499,0.006,0.01,indv_est,1,,30.75
2018-06-28 21:15:00,Sugarloaf,CONUS,C,39.8,-106.0,-55.5,14679.22297,12000.0,-2679.222972,,,,0,,26.05000000000001
2018-06-30 23:00:00,Spring,CONUS,C,37.5,-105.3,-47.2,13935.38343,11000.0,-2935.383433,,,,0,,26.950000000000045
2018-07-01 21:15:00,Spring,CONUS,C,37.5,-105.3,-61.4,12594.87005,14000.0,1405.129952,0.03,0.04,indv_est,1,,27.650000000000034
2018-07-02 22:15:00,Dollar Ridge,CONUS,C,40.1,-111.0,-44.2,14693.00236,11000.0,-3693.002356,,,,0,,25.150000000000034
2018-07-03 02:15:00,Weston Pass,CONUS,P,39.0,-106.0,-48.7,14723.27429,,,,,,0,,24.650000000000034
2018-07-05 01:15:00,Spring,CONUS,C,37.5,-105.3,-66.7,15575.30582,15500.0,-75.3058191,0.006,0.01,indv_est,0,,23.850000000000023
2018-07-15 22:30:00,Ferguson,CONUS,C,37.6,-119.8,-62.3,14821.81083,13900.0,-921.8108337,0.006,0.01,indv_est,0,,34.35000000000002
2018-07-25 02:00:00,Highland,CONUS,C,40.74,-122.65,-40.7,13770.47222,10100.0,-3670.472218,,,,0,,38.85000000000002
2018-07-25 21:30:00,Cranston,CONUS,C,33.7,-116.8,-64.1,15850.43911,14100.0,-1750.439113,,,,1,,39.85000000000002
2018-07-26 20:30:00,Cranston,CONUS,C,33.7,-116.8,-61.4,15844.21981,13800.0,-2044.219812,,,,0,,37.950000000000045
2018-07-27 00:45:00,Carr,CONUS,C,40.65,-122.62,-52.5,15791.06827,11900.0,-3891.068268,,,,1,Large fire tornado (Lareau et al. 2018),39.05000000000001
2018-07-27 21:45:00,Carr,CONUS,C,40.65,-122.62,-52.2,15348.93971,11600.0,-3748.939715,,,,0,,39.05000000000001
2018-08-11 22:15:00,Monument Peak,CONUS,C,45.0,-111.9,-49.8,14766.71167,11600.0,-3166.711668,,,,1,,29.75
2018-08-14 00:00:00,Rabbit Foot,CONUS,C,44.9,-114.3,-40.4,11660.40464,9200.0,-2460.404642,,,,0,,24.850000000000023
2018-08-17 20:30:00,Crescent Mountain,CONUS,C,48.5,-120.6,-48.0,11752.9767,10600.0,-1152.976699,,,,1,,19.950000000000045
2018-09-06 00:45:00,Delta,CONUS,C,40.9,-122.6,-53.0,14795.64714,13000.0,-1795.647142,,,,0,,28.650000000000034
2018-09-17 22:10:00,Roosevelt,CONUS,C,43.0,-110.6,-46.5,10692.03985,11300.0,607.9601515,0.006,0.01,indv_est,1,,18.350000000000023
2019-08-08 04:40:00,Williams Flats,CONUS,C,48.0,-118.6,-42.9,11500.8666,10200.0,-1300.866603,,,,1,"2019 Williams Flats, nocturnal (Peterson et al. 2022)",33.950000000000045
2019-08-08 23:00:00,Williams Flats,CONUS,C,48.0,-118.6,-44.6,12227.35529,10400.0,-1827.355294,,,,1,"2019 Williams Flats, FIREX-AQ pyroCb flight (Peterson et al. 2022)",33.950000000000045
2019-11-07 20:30:00,South Monroe Prescribed Fire Project,CONUS,C,38.4,-112.0,-46.2,10988.40282,9500.0,-1488.402824,,,,0,,10.75
2020-06-11 21:30:00,Bringham,CONUS,C,33.4,-109.3,-48.3,16604.84588,11700.0,-4904.845883,,,,0,,30.850000000000023
2020-07-17 23:50:00,Shafter,CONUS,C,41.0,-114.3,-44.0,14946.11621,10800.0,-4146.116213,,,,0,,32.25
2020-07-21 01:20:00,Hog,CONUS,C,40.4,-120.8,-44.0,14772.5759,11300.0,-3472.575903,,,,0,,33.35000000000002
2020-07-21 23:45:00,Hog,CONUS,C,40.4,-120.8,-50.0,11620.06144,11500.0,-120.0614399,0.006,0.01,indv_est,0,,33.35000000000002
2020-07-24 01:00:00,Caldwell (part of July Complex),CONUS,C,41.7,-121.5,-52.8,11329.73505,11100.0,-229.7350462,0.006,0.01,indv_est,0,,29.05000000000001
2020-08-14 23:10:00,Williams Fork,CONUS,C,39.9,-106.1,-47.2,13608.39005,11000.0,-2608.390047,,,,1,,27.75
2020-08-15 21:00:00,Loyalton,CONUS,C,39.7,-120.1,-58.9,13831.8234,13000.0,-831.823399,0.006,0.01,indv_est,1,First tornado warning for a pyroCb (Lareau et al. 2022),32.75
2020-08-15 21:20:00,Williams Fork,CONUS,C,39.9,-106.1,-60.1,13739.57655,13700.0,-39.5765464,0.006,0.01,indv_est,1,,27.25
2020-08-15 21:30:00,Lake,CONUS,C,34.7,-118.5,-55.0,15840.36018,12700.0,-3140.360177,,,,0,,37.450000000000045
2020-08-18 22:10:00,Lake,CONUS,C,34.7,-118.5,-55.0,16009.0721,13000.0,-3009.072097,,,,0,,37.05000000000001
2020-08-19 03:20:00,Pine Gulch,CONUS,C,39.4,-108.6,-56.0,15849.99281,13200.0,-2649.992812,,,,1,,31.05000000000001
2020-08-19 21:30:00,Pine Gulch,CONUS,C,39.4,-108.6,-49.0,15826.41293,12300.0,-3526.412933,,,,0,,31.05000000000001
2020-08-23 18:40:00,Castle,CONUS,C,36.0,-118.5,-56.5,15763.15828,13500.0,-2263.158283,,,,0,,31.05000000000001
2020-09-05 19:40:00,Creek,CONUS,C,37.2,-119.3,-71.0,15912.95141,16600.0,687.0485904,0.0065,0.03,indv_well_obs,1,2020 Creek Fire large pyroCb (Lareau et al. 2022),35.05000000000001
2020-09-05 22:30:00,Cameron Peak,CONUS,C,40.6,-105.9,-40.0,15879.16365,10500.0,-5379.163652,,,,0,,22.650000000000034
2020-09-06 15:40:00,Creek,CONUS,C,37.2,-119.3,-49.0,15905.39529,12000.0,-3905.395292,,,,1,,31.450000000000045
2020-09-06 21:10:00,Cameron Peak,CONUS,C,40.6,-105.9,-54.4,15743.15404,12700.0,-3043.154044,,,,1,,20.950000000000045
2020-09-06 22:30:00,Cameron Peak,CONUS,C,40.6,-105.9,-56.2,15674.25979,13000.0,-2674.259787,,,,1,,20.950000000000045
2020-09-07 22:50:00,Creek,CONUS,C,37.2,-119.3,-42.0,15832.92937,10600.0,-5232.929374,,,,0,,32.75
2020-09-08 16:20:00,Hopkins (later amalgamated in the Elkhorn fire),CONUS,C,40.2,-123.1,-52.1,15778.53648,11900.0,-3878.536476,,,,0,,29.450000000000045
2020-09-08 21:00:00,Bear (North Complex),CONUS,C,39.8,-121.1,-48.2,15735.60866,12200.0,-3535.60866,,,,0,"Fire tornado, atypical meteorology (Lareau et al. 2022)",22.05000000000001
2020-09-09 10:10:00,Bear (North Complex),CONUS,C,39.8,-121.1,-77.1,13649.6461,17200.0,3550.353903,0.03,0.04,indv_est,1,"Fire tornado, atypical meteorology (Lareau et al. 2022)",25.150000000000034
2020-09-19 19:00:00,Mullen,CONUS,C,41.2,-106.4,-51.7,13796.02042,12100.0,-1696.020423,,,,1,,20.350000000000023
2020-10-06 18:45:00,SQF Complex,CONUS,C,36.4,-118.7,-50.9,14560.33502,12200.0,-2360.335018,,,,0,,22.55000000000001
2020-10-22 00:00:00,East Troublesome,CONUS,C,40.2,-106.2,-71.5,13415.56739,13400.0,-15.56739241,0.006,0.01,indv_est,1,,12.550000000000011
2020-10-22 18:15:00,East Troublesome,CONUS,C,40.2,-106.2,-62.8,12734.18812,12800.0,65.81188488,0.006,0.01,indv_est,1,,12.550000000000011
2021-06-12 21:00:00,Johnson,CONUS,C,33.3,-108.6,-47.5,16656.1351,8900.0,-7756.135098,,,,0,,28.150000000000034
2021-06-15 01:40:00,Telegraph,CONUS,C,33.2,-110.7,-46.8,14777.94941,11000.0,-3777.949412,,,,0,,40.25
2021-06-16 00:00:00,Telegraph,CONUS,C,33.2,-110.7,-50.2,14808.45227,12000.0,-2808.452267,,,,1,,39.75
2021-06-16 02:30:00,Crooked Creek,CONUS,C,45.2,-108.4,-52.1,13697.59347,11500.0,-2197.593467,,,,0,,21.25
2021-06-18 21:50:00,Flatt,CONUS,C,37.7,-113.8,-50.6,15806.94725,12500.0,-3306.947252,,,,1,,36.05000000000001
2021-06-20 23:20:00,Wyrick,CONUS,C,34.5,-110.5,-45.1,15818.93752,11000.0,-4818.937523,,,,0,,34.85000000000002
2021-07-01 01:20:00,Lava,CONUS,C,41.5,-122.3,-48.3,13274.50999,11200.0,-2074.509989,,,,0,,32.450000000000045
2021-07-09 20:20:00,Beckwourth Complex,CONUS,C,39.9,-120.3,-42.7,15093.34014,11000.0,-4093.340144,,,,1,,32.05000000000001
2021-07-13 01:40:00,Bootleg,CONUS,C,42.6,-121.1,-47.6,14797.24794,11600.0,-3197.247943,,,,1,,32.35000000000002
2021-07-14 22:20:00,Bootleg,CONUS,C,42.6,-120.9,-43.5,14787.16306,10300.0,-4487.163063,,,,1,,28.55000000000001
2021-07-16 00:10:00,Trail Creek,CONUS,C,45.7,-113.8,-40.1,14725.59144,10600.0,-4125.591439,,,,0,,25.25
2021-07-16 00:50:00,Bootleg,CONUS,C,42.6,-120.9,-47.2,14746.73376,11000.0,-3746.733758,,,,0,,24.350000000000023
2021-07-17 00:00:00,Bootleg,CONUS,C,42.6,-120.9,-51.3,11695.86786,11600.0,-95.86786264,0.006,0.01,indv_est,0,,26.150000000000034
2021-07-18 00:30:00,Bootleg,CONUS,C,42.6,-120.9,-43.1,14733.58835,10200.0,-4533.588349,,,,0,,29.05000000000001
2021-07-19 21:50:00,Dixie,CONUS,C,40.0,-121.3,-48.2,14397.56337,12700.0,-1697.563374,,,,1,,29.350000000000023
2021-07-29 21:10:00,Dixie (east side),CONUS,C,40.0,-120.9,-40.2,14767.72887,10400.0,-4367.728868,,,,0,,33.75
2021-07-29 21:30:00,Dixie (west side),CONUS,C,40.1,-121.5,-46.5,14763.71696,11400.0,-3363.716965,,,,1,,31.05000000000001
2021-07-30 02:20:00,Dixie (central portion),CONUS,C,40.1,-121.1,-52.1,14771.78207,12300.0,-2471.782071,,,,0,,30.55000000000001
2021-07-30 20:50:00,McFarland,CONUS,C,40.4,-123.0,-54.7,14753.70824,12700.0,-2053.708237,,,,0,,33.650000000000034
2021-07-30 23:40:00,Cedar Creek,CONUS,C,48.5,-120.4,-46.4,12579.30797,11300.0,-1279.307968,,,,1,,30.25
2021-08-01 03:10:00,Stateline Complex (Tumbledown),CONUS,C,47.2,-115.5,-57.7,13982.56886,13000.0,-982.5688642,0.006,0.01,indv_est,0,,30.150000000000034
2021-08-05 02:20:00,Black Butte,CONUS,C,44.1,-118.3,-48.5,13686.85832,11000.0,-2686.858317,,,,0,,32.05000000000001
2021-08-05 20:40:00,Antelope,CONUS,C,41.7,-121.9,-46.5,9017.890818,11800.0,2782.109182,0.03,0.04,indv_est,0,,25.950000000000045
2021-08-05 23:30:00,Monument,CONUS,C,40.8,-123.3,-43.8,8707.760961,10000.0,1292.239039,0.03,0.04,indv_est,0,,27.350000000000023
2021-08-06 20:00:00,Woods Creek,CONUS,C,46.7,-111.3,-48.5,11750.8138,11400.0,-350.8138025,0.006,0.01,indv_est,0,,26.75
2021-08-10 02:10:00,Dixie,CONUS,C,40.2,-120.8,-53.2,11348.52003,12900.0,1551.479973,0.03,0.04,indv_est,1,,31.650000000000034
2021-08-12 23:20:00,Dixie,CONUS,C,40.5,-121.2,-38.5,14814.81311,10700.0,-4114.813112,,,,0,,29.05000000000001
2021-08-13 00:20:00,Dixie,CONUS,C,40.5,-120.5,-38.5,14820.02254,10700.0,-4120.022539,,,,0,,33.75
2021-08-13 02:20:00,Patton Meadow (Fox Complex),CONUS,C,42.2,-120.6,-44.9,15686.59507,11000.0,-4686.595068,,,,0,,30.75
2021-09-09 20:00:00,Antelope,CONUS,C,41.8,-121.7,-44.2,14651.12357,10400.0,-4251.123568,,,,0,,30.450000000000045
2021-09-09 21:05:00,Cougar Peak,CONUS,C,42.4,-120.6,-64.9,14748.00156,13000.0,-1748.001564,,,,1,,27.950000000000045
2021-09-09 21:10:00,Dixie,CONUS,C,40.5,-121.2,-43.2,14829.07109,10300.0,-4529.071091,,,,0,,26.950000000000045
2021-09-09 21:20:00,Boundary,CONUS,C,44.6,-115.3,-46.1,14390.92615,11300.0,-3090.926148,,,,0,,27.75
2021-10-04 15:10:00,KNP Complex,CONUS,C,36.72,-118.91,-60.0,11819.97101,13400.0,1580.028988,0.03,0.04,indv_est,0,,18.650000000000034
2021-10-04 21:30:00,KNP Complex,CONUS,C,36.72,-118.91,-53.0,11983.86143,10900.0,-1083.861426,,,,0,,18.650000000000034
2022-04-22 23:30:00,Calf Canyon/Hermits Peak,CONUS,C,35.7,-105.4,-50.2,12272.31062,11000.0,-1272.310616,,,,0,,22.850000000000023
2022-05-01 20:10:00,Calf Canyon/Hermits Peak,CONUS,C,35.7,-105.4,-42.8,12246.69024,9500.0,-2746.690236,,,,0,,22.25
2022-05-10 20:45:00,Calf Canyon/Hermits Peak,CONUS,C,35.7,-105.4,-59.0,13525.18585,12200.0,-1325.18585,,,,0,,26.150000000000034
2022-05-14 22:00:00,Calf Canyon/Hermits Peak,CONUS,C,35.7,-105.4,-58.0,13324.01634,11700.0,-1624.016345,,,,0,,25.150000000000034
2022-05-15 21:00:00,Calf Canyon/Hermits Peak,CONUS,C,35.7,-105.4,-57.7,13515.65432,11400.0,-2115.654323,,,,1,,27.450000000000045
2022-05-16 20:30:00,Black,CONUS,C,33.3,-108.0,-48.0,13546.86738,10600.0,-2946.867381,,,,1,,29.05000000000001
2022-05-17 23:00:00,Plumtaw,CONUS,C,37.4,-107.1,-45.0,13472.85305,10200.0,-3272.853052,,,,0,,21.350000000000023
2022-06-14 21:10:00,Calf Canyon/Hermits Peak,CONUS,C,36.0,-105.5,-47.0,14690.38084,11000.0,-3690.380845,,,,1,,19.25
2022-06-16 18:30:00,Calf Canyon/Hermits Peak,CONUS,C,36.0,-105.5,-55.0,14996.23125,14700.0,-296.2312455,0.006,0.01,indv_est,0,,20.450000000000045
2022-07-28 23:20:00,Moose,CONUS,C,45.4,-114.2,-41.0,14788.42571,12600.0,-2188.425713,,,,1,,37.25
2022-07-30 04:40:00,McKinney,CONUS,C,41.8,-122.9,-53.6,14831.12913,12900.0,-1931.129129,,,,1,,38.85000000000002
2022-07-30 21:30:00,McKinney,CONUS,C,41.8,-122.9,-55.0,14800.20673,12800.0,-2000.206735,,,,1,,38.85000000000002
2022-07-31 21:30:00,Moose,CONUS,C,45.4,-114.2,-49.0,14795.92953,11800.0,-2995.929532,,,,0,,36.85000000000002
2022-09-07 22:00:00,Moose,CONUS,C,45.4,-114.1,-54.0,15802.69345,12900.0,-2902.693448,,,,1,,32.35000000000002
2022-09-08 20:40:00,Mosquito,CONUS,C,39.0,-120.8,-46.0,15816.23076,11400.0,-4416.230759,,,,0,,41.25
2022-09-11 00:00:00,Cedar Creek,CONUS,C,43.7,-122.2,-43.6,15705.43443,10400.0,-5305.434434,,,,0,,21.650000000000034
2023-06-16 17:40:00,Pulp Road,CONUS,C,34.1,-78.2,-47.0,11514.04539,10400.0,-1114.045387,,,,0,This is the first ever pyroCb detected in North Carolina ,31.450000000000045
2023-07-29 18:50:00,York,CONUS,C,35.3,-115.3,-44.2,15820.54685,11000.0,-4820.546847,,,,1,,37.950000000000045
